Brand Name,OS,Ram Type,RAM,Processor,GPU,Warranty,ScreenSize,Disk Type,DISK SIZE,Price
Lenovo,Windows,DDR4,8,Intel,Others,2,14.0,SSD,256,36990.0
Lenovo,Windows,DDR4,8,Intel,Others,2,15.6,SSD,512,39990.0
ASUS,Windows,DDR4,8,Intel,Others,1,15.6,SSD,512,32990.0
HP,Windows,DDR4,8,AMD,AMD,1,15.6,SSD,512,49990.0
ASUS,Windows,DDR4,8,Intel,Others,1,15.6,SSD,512,49990.0
HP,Windows,DDR4,8,Intel,Others,1,14.0,SSD,256,36990.0
DELL,Windows,DDR4,8,Intel,Others,1,15.6,HDD,1024,38990.0
RedmiBook,Windows,DDR4,8,Intel,Others,1,15.6,SSD,512,39990.0
Others,Windows,DDR4,8,Intel,Others,1,14.0,SSD,256,46990.0
ASUS,Windows,DDR4,16,AMD,AMD,1,14.0,SSD,512,44990.0
HP,Windows,DDR4,8,AMD,AMD,1,15.6,SSD,512,59990.0
Lenovo,Windows,DDR4,8,AMD,AMD,2,15.6,SSD,512,38705.0
ASUS,Windows,DDR4,8,Intel,Others,1,15.6,SSD,256,32990.0
ASUS,Windows,DDR4,8,AMD,AMD,1,15.6,SSD,512,52990.0
acer,Windows,DDR4,8,Intel,Others,1,15.6,SSD,256,29990.0
ASUS,Windows,DDR5,16,AMD,Others,1,15.6,SSD,1024,196990.0
ASUS,Windows,DDR4,8,Intel,Others,1,15.6,HDD,1024,47990.0
ASUS,Windows,DDR4,8,Intel,Others,1,15.6,SSD,512,45990.0
MSI,Windows,DDR4,8,AMD,AMD,1,15.6,SSD,512,47990.0
ASUS,Windows,DDR4,16,AMD,Others,1,15.6,SSD,1024,85990.0
APPLE,Mac,DDR4,8,Others,Others,1,14.0,SSD,256,88990.0
HP,Windows,DDR4,8,Intel,Others,1,14.0,SSD,512,40990.0
Lenovo,Others,Others,4,Intel,Intel,1,15.6,HDD,256,19490.0
Lenovo,Windows,DDR4,8,AMD,AMD,2,15.6,SSD,512,35590.0
HP,Windows,DDR4,8,Intel,Others,1,15.6,SSD,512,65990.0
RedmiBook,Windows,DDR4,8,Intel,Others,1,15.6,SSD,512,39990.0
Lenovo,Windows,DDR4,8,Intel,Others,2,15.6,SSD,512,39990.0
ASUS,Windows,DDR5,16,AMD,Others,1,15.6,SSD,1024,196990.0
acer,Windows,DDR4,16,Intel,Others,1,15.6,SSD,512,58990.0
Others,Windows,DDR4,8,Intel,Others,1,14.0,SSD,256,46990.0
Lenovo,Windows,DDR4,8,AMD,AMD,2,15.6,SSD,512,38705.0
ASUS,Windows,DDR4,16,AMD,Others,1,15.6,SSD,1024,85990.0
acer,Windows,DDR4,8,AMD,AMD,1,15.6,SSD,256,24990.0
acer,Windows,DDR4,8,AMD,AMD,1,15.6,SSD,512,47990.0
ASUS,Windows,DDR4,8,AMD,AMD,1,15.6,SSD,512,73990.0
Lenovo,Windows,DDR4,8,Intel,Others,2,15.6,SSD,512,53490.0
Lenovo,Windows,DDR4,8,AMD,AMD,2,15.6,SSD,512,35590.0
ASUS,Windows,DDR4,16,AMD,Others,1,15.6,SSD,1024,150990.0
Lenovo,Windows,DDR4,8,Intel,Others,1,15.6,SSD,512,51990.0
ASUS,Windows,DDR4,16,Intel,Others,1,15.6,SSD,512,66990.0
Lenovo,Windows,DDR4,8,Intel,Others,2,14.0,SSD,256,36990.0
ASUS,Windows,DDR5,16,AMD,Others,1,15.6,SSD,1024,194990.0
acer,Windows,DDR4,16,AMD,AMD,1,15.6,SSD,512,51990.0
HP,Windows,DDR4,8,AMD,AMD,1,14.0,SSD,256,25990.0
acer,Windows,DDR4,8,AMD,AMD,1,15.6,SSD,512,35990.0
ASUS,Windows,DDR4,8,Intel,Others,1,15.6,SSD,512,43990.0
Lenovo,Windows,DDR4,8,AMD,AMD,2,15.6,SSD,512,44990.0
Lenovo,Windows,DDR4,8,AMD,AMD,1,15.6,SSD,512,64490.0
ASUS,Windows,DDR4,8,Intel,Others,1,15.6,SSD,256,40990.0
ASUS,Windows,DDR4,8,Intel,Others,1,14.0,SSD,512,38990.0
Lenovo,Windows,DDR4,8,Intel,Others,2,14.0,SSD,256,36990.0
RedmiBook,Windows,DDR4,8,Intel,Others,1,15.6,SSD,512,39990.0
HP,Windows,DDR4,8,Intel,Others,1,15.6,SSD,512,58990.0
Others,Windows,DDR4,8,Intel,Intel,1,14.0,SSD,512,59990.0
acer,Windows,DDR4,8,Intel,Others,1,15.6,SSD,512,47990.0
HP,Windows,DDR4,8,AMD,AMD,1,15.6,SSD,512,37499.0
ASUS,Windows,DDR5,16,AMD,Others,1,15.6,SSD,1024,196990.0
Lenovo,Windows,DDR4,8,AMD,AMD,2,15.6,SSD,512,38705.0
ASUS,Windows,DDR4,8,AMD,Others,1,15.6,SSD,1024,94990.0
ASUS,Windows,DDR4,8,Intel,Others,1,15.6,SSD,512,32990.0
ASUS,Windows,DDR4,16,AMD,Others,1,15.6,SSD,1024,85990.0
Lenovo,Windows,DDR4,8,AMD,AMD,2,15.6,SSD,512,35590.0
ASUS,Windows,DDR4,4,Intel,Intel,1,14.0,SSD,256,23990.0
HP,Windows,DDR4,16,AMD,AMD,1,14.0,SSD,512,48990.0
APPLE,Mac,Others,8,Others,Others,1,15.6,SSD,512,139990.0
ASUS,Windows,DDR4,16,AMD,AMD,1,15.6,SSD,512,89990.0
ASUS,Windows,DDR4,16,AMD,Others,1,15.6,SSD,1024,150990.0
Lenovo,Windows,DDR4,8,Intel,Others,2,15.6,SSD,512,39990.0
ASUS,Windows,DDR4,8,AMD,Others,1,15.6,SSD,1024,59990.0
DELL,Windows,DDR4,16,AMD,NVIDIA,1,15.6,SSD,512,70990.0
ASUS,Windows,DDR5,16,AMD,Others,1,15.6,SSD,1024,194990.0
Lenovo,Windows,DDR4,8,AMD,AMD,2,15.6,SSD,512,44990.0
Infinix,Windows,Others,8,Intel,Intel,1,14.0,SSD,256,22990.0
HP,Windows,DDR4,8,AMD,AMD,1,15.6,SSD,512,46990.0
ASUS,Windows,DDR4,8,Intel,Others,1,15.6,HDD,1024,50990.0
Infinix,Windows,Others,8,Intel,Others,1,14.0,SSD,256,28990.0
RedmiBook,Windows,DDR4,8,Intel,Others,1,15.6,SSD,512,39990.0
Lenovo,Windows,DDR4,8,AMD,AMD,2,15.6,SSD,512,38705.0
MSI,Windows,DDR4,16,Intel,Others,2,15.6,SSD,512,84990.0
APPLE,Mac,Others,16,Others,Others,1,14.0,SSD,512,181990.0
ASUS,Windows,DDR5,16,AMD,Others,1,15.6,SSD,1024,196990.0
ASUS,Windows,DDR4,16,AMD,Others,1,15.6,SSD,1024,85990.0
MSI,Windows,DDR4,16,AMD,Others,1,15.6,SSD,1024,109990.0
Others,Windows,Others,4,Others,Others,1,15.6,SSD,128,32990.0
Infinix,Windows,Others,16,Intel,Others,1,15.6,SSD,512,37990.0
APPLE,Mac,Others,8,Others,Others,1,15.6,SSD,512,139990.0
Lenovo,Windows,DDR4,8,AMD,AMD,2,15.6,SSD,512,35590.0
ASUS,Windows,DDR4,16,AMD,Others,1,15.6,SSD,1024,150990.0
Lenovo,Windows,DDR4,4,Intel,Others,1,15.6,SSD,256,29990.0
Lenovo,Others,DDR4,4,Intel,Others,1,15.6,SSD,128,19490.0
Lenovo,Windows,DDR4,8,Intel,Others,2,14.0,SSD,256,36990.0
Lenovo,Windows,DDR4,8,AMD,AMD,1,15.6,SSD,512,73490.0
ASUS,Windows,DDR4,8,AMD,Others,1,15.6,HDD,1024,52990.0
HP,Windows,DDR4,8,Intel,Others,1,15.6,SSD,512,41890.0
DELL,Windows,DDR4,8,Intel,Intel,1,15.6,SSD,256,30428.0
acer,Windows,DDR4,8,Intel,Others,1,15.6,SSD,512,34990.0
Lenovo,Others,DDR4,4,Intel,Others,1,15.6,SSD,128,19490.0
Lenovo,Windows,DDR4,4,Intel,Others,1,15.6,SSD,256,29990.0
APPLE,Mac,DDR4,8,Others,Others,1,14.0,SSD,256,88990.0
Lenovo,Windows,DDR4,8,Intel,Others,2,14.0,SSD,256,36990.0
MSI,Windows,DDR4,8,Intel,Others,2,15.6,SSD,512,65990.0
ASUS,Windows,DDR4,8,Intel,Others,1,15.6,SSD,512,33490.0
HP,Windows,DDR4,16,Intel,Others,1,14.0,SSD,512,60990.0
Lenovo,Windows,DDR4,8,Intel,Others,2,15.6,SSD,512,39990.0
HP,Windows,DDR4,8,AMD,AMD,1,15.6,SSD,512,46990.0
ASUS,Windows,DDR4,16,AMD,AMD,1,15.6,SSD,512,59990.0
MSI,Windows,DDR4,16,Intel,Others,2,15.6,SSD,1024,114990.0
RedmiBook,Windows,DDR4,8,Intel,Others,1,15.6,SSD,512,39990.0
ASUS,Windows,DDR4,16,Intel,Others,1,15.6,SSD,1024,119990.0
Infinix,Windows,Others,8,Intel,Others,1,15.6,SSD,512,42990.0
ASUS,Windows,Others,16,Intel,Others,1,15.6,SSD,512,89990.0
Lenovo,Windows,DDR4,8,AMD,AMD,2,15.6,SSD,512,38705.0
MSI,Windows,DDR4,8,AMD,AMD,1,15.6,SSD,512,79990.0
ASUS,Windows,DDR4,8,Intel,Others,1,15.6,SSD,1024,70990.0
Lenovo,Windows,DDR4,8,Intel,Others,1,15.6,SSD,256,33900.0
ASUS,Windows,DDR5,16,AMD,Others,1,15.6,SSD,1024,196990.0
Others,Windows,DDR4,8,Intel,Intel,1,14.0,SSD,512,59990.0
Infinix,Windows,Others,16,Intel,Others,1,15.6,SSD,512,52990.0
APPLE,Mac,DDR4,16,Others,Others,1,14.0,SSD,512,124990.0
ASUS,Windows,DDR4,16,AMD,Others,1,15.6,SSD,1024,85990.0
RedmiBook,Windows,DDR4,8,Intel,Others,1,15.6,SSD,256,31990.0
acer,Windows,DDR4,16,AMD,AMD,1,15.6,SSD,512,66990.0
DELL,Windows,DDR4,16,AMD,NVIDIA,1,15.6,SSD,512,89081.0
Lenovo,Windows,DDR4,8,Intel,Others,2,14.0,SSD,256,36990.0
APPLE,Mac,DDR4,8,Others,Others,1,14.0,SSD,512,104990.0
Lenovo,Windows,DDR4,8,Intel,Others,2,15.6,SSD,512,53490.0
ASUS,Windows,Others,8,Intel,Others,1,15.6,SSD,256,45990.0
Lenovo,Windows,DDR4,8,Intel,Others,2,15.6,SSD,512,39990.0
ASUS,Windows,DDR4,8,Intel,Others,1,15.6,SSD,512,45990.0
MSI,Windows,DDR4,8,Intel,Others,2,15.6,SSD,512,51990.0
HP,Windows,DDR4,16,AMD,AMD,1,15.6,SSD,512,75990.0
RedmiBook,Windows,DDR4,8,Intel,Others,1,15.6,SSD,512,39990.0
Lenovo,Windows,DDR4,8,Intel,Others,2,15.6,SSD,256,36990.0
HP,Windows,DDR4,16,Intel,Others,1,14.0,SSD,512,78800.0
HP,Windows,DDR4,8,AMD,AMD,1,15.6,SSD,512,29390.0
Lenovo,Windows,DDR4,8,AMD,AMD,2,15.6,SSD,512,38705.0
Infinix,Windows,Others,8,Intel,Others,1,14.0,SSD,256,30990.0
Lenovo,Windows,DDR4,16,Intel,Others,2,15.6,SSD,512,62490.0
ASUS,Windows,DDR4,16,Intel,Others,1,15.6,SSD,512,89990.0
ASUS,Windows,DDR5,16,AMD,Others,1,15.6,SSD,1024,196990.0
HP,Windows,DDR4,8,Intel,Others,1,15.6,SSD,512,58899.0
MSI,Windows,DDR4,16,Intel,Others,2,15.6,SSD,512,85990.0
DELL,Windows,DDR4,8,AMD,Others,1,14.0,HDD,1024,33099.0
ASUS,Windows,DDR4,16,AMD,Others,1,15.6,SSD,1024,85990.0
Lenovo,Windows,DDR4,8,AMD,AMD,1,15.6,SSD,512,73490.0
Lenovo,Windows,DDR4,8,Intel,Others,1,15.6,HDD,1024,63490.0
Lenovo,Windows,DDR4,8,Intel,Others,2,14.0,SSD,256,36990.0
Lenovo,Windows,DDR4,8,Intel,Others,2,15.6,SSD,512,39990.0
ASUS,Windows,DDR4,8,AMD,AMD,1,14.0,SSD,512,38990.0
HP,Windows,DDR4,8,Intel,Others,1,15.6,SSD,512,67990.0
RedmiBook,Windows,DDR4,8,Intel,Others,1,15.6,SSD,512,39990.0
ASUS,Windows,DDR5,16,AMD,Others,1,15.6,SSD,1024,196990.0
HP,Windows,DDR4,8,Intel,Others,1,15.6,SSD,512,39790.0
APPLE,Mac,Others,16,Others,Others,1,15.6,SSD,1024,241990.0
APPLE,Mac,DDR4,8,Others,Others,1,14.0,SSD,512,104990.0
DELL,Windows,DDR4,8,AMD,AMD,1,15.6,SSD,512,42190.0
Lenovo,Windows,DDR4,8,AMD,AMD,2,15.6,SSD,512,38705.0
ASUS,Windows,DDR4,16,AMD,Others,1,15.6,SSD,1024,85990.0
ASUS,Windows,DDR4,8,Intel,Others,1,14.0,SSD,512,39990.0
ASUS,Windows,DDR5,16,Intel,Others,1,15.6,SSD,1024,99990.0
Lenovo,Windows,DDR4,8,AMD,AMD,2,15.6,SSD,512,35590.0
ASUS,Windows,DDR4,16,AMD,Others,1,15.6,SSD,1024,150990.0
APPLE,Mac,Others,32,Others,Others,1,15.6,SSD,1024,309490.0
ASUS,Windows,DDR4,16,Intel,Others,1,15.6,HDD,1024,64990.0
ASUS,Windows,DDR4,16,AMD,AMD,1,15.6,SSD,512,89990.0
ASUS,Windows,DDR4,16,AMD,AMD,1,15.6,SSD,512,85990.0
ASUS,Windows,DDR5,16,AMD,Others,1,15.6,SSD,1024,194990.0
Lenovo,Windows,DDR4,8,AMD,AMD,2,15.6,SSD,512,44990.0
APPLE,Mac,Others,16,Others,Others,1,14.0,SSD,1024,222990.0
Others,Others,Others,4,Intel,Intel,1,14.0,SSD,128,15990.0
Lenovo,Windows,DDR4,8,Intel,Others,2,14.0,SSD,256,36990.0
Lenovo,Windows,DDR4,8,Intel,Others,2,15.6,SSD,512,39990.0
DELL,Windows,DDR4,8,Intel,Others,1,15.6,HDD,1024,45900.0
ASUS,Windows,Others,16,Intel,Others,1,15.6,SSD,512,79990.0
ASUS,Windows,DDR4,8,Intel,Others,1,14.0,SSD,512,56990.0
DELL,Windows,DDR4,8,AMD,AMD,1,15.6,SSD,256,34990.0
RedmiBook,Windows,DDR4,8,Intel,Others,1,15.6,SSD,512,39990.0
ASUS,Windows,DDR5,16,AMD,Others,1,15.6,SSD,1024,196990.0
DELL,Windows,DDR4,8,Intel,Others,1,15.6,SSD,512,43580.0
Lenovo,Windows,DDR4,16,AMD,AMD,2,14.0,SSD,512,74990.0
Lenovo,Windows,DDR4,8,AMD,AMD,2,15.6,SSD,512,38705.0
ASUS,Windows,DDR4,16,AMD,Others,1,15.6,SSD,1024,85990.0
Lenovo,Windows,DDR4,8,Intel,Others,2,15.6,SSD,512,37490.0
Infinix,Windows,Others,4,Intel,Intel,1,14.0,SSD,128,20990.0
MSI,Windows,DDR4,16,Intel,Others,2,15.6,SSD,512,109990.0
ASUS,Windows,Others,16,Intel,Others,1,15.6,SSD,512,71990.0
Lenovo,Windows,DDR4,8,AMD,AMD,2,15.6,SSD,512,35590.0
ASUS,Windows,DDR4,16,AMD,Others,1,15.6,SSD,1024,150990.0
Infinix,Windows,Others,8,Intel,Others,1,14.0,SSD,512,32990.0
MSI,Windows,DDR4,8,AMD,AMD,1,14.0,SSD,512,43990.0
Lenovo,Windows,DDR4,8,AMD,AMD,1,15.6,SSD,512,73490.0
ASUS,Windows,DDR5,16,AMD,Others,1,15.6,SSD,1024,194990.0
acer,Windows,DDR4,8,AMD,AMD,1,14.0,SSD,256,25990.0
ASUS,Windows,DDR4,16,Intel,Others,1,15.6,SSD,1024,122990.0
acer,Windows,DDR4,16,Intel,Others,1,15.6,SSD,512,68990.0
acer,Windows,DDR4,8,Intel,Others,1,15.6,SSD,512,59990.0
Lenovo,Windows,DDR4,8,Intel,Others,2,14.0,SSD,256,36990.0
Lenovo,Windows,DDR4,8,Intel,Others,2,15.6,SSD,512,39990.0
acer,Windows,DDR4,8,AMD,AMD,1,15.6,SSD,512,39990.0
ASUS,Windows,DDR4,8,Intel,Others,1,15.6,HDD,1024,37990.0
RedmiBook,Windows,DDR4,8,Intel,Others,1,15.6,SSD,512,39990.0
ASUS,Windows,DDR5,16,AMD,Others,1,15.6,SSD,1024,196990.0
Lenovo,Windows,DDR4,4,Intel,Others,1,14.0,SSD,256,25950.0
Others,Windows,Others,16,Intel,Others,1,14.0,SSD,512,64999.0
HP,Windows,DDR4,8,AMD,AMD,1,15.6,SSD,512,60990.0
ASUS,Windows,DDR4,8,Intel,Others,1,15.6,SSD,512,36990.0
Lenovo,Windows,DDR4,8,AMD,AMD,2,15.6,SSD,512,38705.0
ASUS,Windows,DDR4,16,AMD,Others,1,15.6,SSD,1024,85990.0
Others,Windows,Others,8,Intel,Others,1,15.6,SSD,256,59990.0
APPLE,Mac,Others,16,Others,Others,1,15.6,SSD,512,222990.0
Lenovo,Windows,DDR4,8,AMD,AMD,2,15.6,SSD,512,35590.0
ASUS,Windows,DDR4,16,AMD,Others,1,15.6,SSD,1024,150990.0
DELL,Windows,DDR5,16,Intel,Others,1,15.6,SSD,1024,235283.0
DELL,Windows,DDR4,8,Intel,Others,1,15.6,SSD,512,38990.0
ASUS,Windows,DDR4,16,AMD,AMD,1,15.6,SSD,512,67990.0
MSI,Windows,DDR4,16,Intel,Others,2,15.6,SSD,512,79990.0
Lenovo,Windows,DDR4,8,Intel,Others,2,14.0,SSD,256,36990.0
RedmiBook,Windows,DDR4,8,Intel,Others,1,15.6,SSD,512,39990.0
ASUS,Windows,DDR4,16,AMD,AMD,1,15.6,SSD,512,67990.0
MSI,Windows,DDR4,16,Intel,Others,2,15.6,SSD,512,79990.0
ASUS,Windows,DDR5,16,AMD,Others,1,15.6,SSD,1024,196990.0
Lenovo,Windows,DDR4,8,AMD,AMD,2,15.6,SSD,512,38705.0
ASUS,Windows,Others,16,Intel,Others,1,15.6,SSD,512,89990.0
ASUS,Windows,DDR5,32,Intel,Others,1,15.6,SSD,1024,241990.0
ASUS,Windows,DDR4,8,Intel,Others,1,14.0,SSD,512,43490.0
Others,Windows,DDR4,8,Intel,Others,1,14.0,SSD,256,46990.0
ASUS,Windows,DDR4,16,AMD,Others,1,15.6,SSD,1024,85990.0
Lenovo,Windows,DDR4,8,AMD,AMD,2,15.6,SSD,512,35590.0
Others,Windows,DDR4,8,AMD,AMD,2,15.6,SSD,512,40990.0
APPLE,Mac,DDR4,8,Others,Others,1,14.0,SSD,256,94990.0
ASUS,Windows,DDR4,16,AMD,Others,1,15.6,SSD,1024,150990.0
Lenovo,Windows,DDR4,8,Intel,Others,2,15.6,SSD,512,39990.0
MSI,Windows,DDR4,16,Intel,Others,2,15.6,SSD,1024,114990.0
APPLE,Mac,Others,8,Others,Others,1,15.6,SSD,256,121990.0
ASUS,Windows,DDR4,8,Intel,Others,1,15.6,HDD,1024,37990.0
ASUS,Windows,DDR4,8,Intel,Intel,1,15.6,SSD,256,27990.0
ASUS,Windows,DDR5,16,AMD,Others,1,15.6,SSD,1024,194990.0
Lenovo,Windows,DDR4,8,AMD,AMD,2,15.6,SSD,512,44990.0
DELL,Windows,DDR4,8,AMD,AMD,1,15.6,SSD,512,40190.0
Lenovo,Windows,DDR4,8,AMD,Others,1,15.6,SSD,512,34990.0
Lenovo,Windows,DDR4,8,Intel,Others,2,15.6,SSD,512,39990.0
RedmiBook,Windows,DDR4,8,Intel,Others,1,15.6,SSD,512,39990.0
ASUS,Windows,Others,16,Intel,Others,1,14.0,SSD,1024,94990.0
Lenovo,Windows,DDR4,8,Intel,Others,1,15.6,SSD,512,69990.0
ASUS,Windows,DDR4,8,Intel,Others,1,15.6,SSD,512,59990.0
ASUS,Windows,DDR4,16,Intel,Others,1,15.6,SSD,512,66990.0
ASUS,Windows,DDR5,16,AMD,Others,1,15.6,SSD,1024,196990.0
Lenovo,Windows,DDR4,8,AMD,AMD,2,15.6,SSD,512,38705.0
ASUS,Windows,Others,16,Intel,Others,1,15.6,SSD,512,104990.0
DELL,Windows,DDR4,8,Intel,Others,1,14.0,SSD,256,54900.0
ASUS,Windows,DDR4,16,AMD,Others,1,15.6,SSD,1024,85990.0
Lenovo,Windows,DDR4,8,AMD,AMD,2,15.6,SSD,512,35590.0
Lenovo,Windows,DDR4,16,AMD,Others,2,15.6,SSD,1024,136990.0
DELL,Windows,DDR4,8,AMD,AMD,1,15.6,SSD,512,48184.0
ASUS,Windows,DDR4,16,Intel,Others,1,15.6,SSD,512,74990.0
acer,Windows,DDR4,8,Intel,Others,1,15.6,SSD,512,60990.0
ASUS,Windows,DDR4,16,AMD,Others,1,15.6,SSD,1024,150990.0
Lenovo,Windows,DDR4,8,Intel,Others,2,14.0,SSD,256,36990.0
HP,Windows,DDR4,8,AMD,AMD,1,14.0,SSD,512,49990.0
DELL,Windows,DDR4,8,Intel,NVIDIA,1,15.6,SSD,512,67990.0
ASUS,Windows,DDR5,16,AMD,Others,1,15.6,SSD,1024,194990.0
Lenovo,Windows,DDR4,8,AMD,AMD,2,15.6,SSD,512,44990.0
Lenovo,Windows,DDR4,8,Intel,Others,2,15.6,SSD,512,58000.0
Infinix,Windows,Others,8,Intel,Others,1,14.0,SSD,256,29990.0
ASUS,Windows,Others,16,AMD,Others,1,15.6,SSD,1024,114990.0
HP,Windows,DDR4,8,AMD,AMD,1,15.6,SSD,512,33990.0
RedmiBook,Windows,DDR4,8,Intel,Others,1,15.6,SSD,512,39990.0
ASUS,Windows,DDR5,16,AMD,Others,1,15.6,SSD,1024,196990.0
ASUS,Windows,DDR4,16,AMD,AMD,1,15.6,SSD,512,64990.0
Lenovo,Windows,DDR4,16,Intel,Others,1,15.6,SSD,512,79990.0
Lenovo,Windows,DDR4,8,AMD,AMD,2,15.6,SSD,512,38705.0
ASUS,Windows,DDR4,16,AMD,Others,1,15.6,SSD,1024,85990.0
Infinix,Windows,Others,8,Intel,Others,1,14.0,SSD,256,28990.0
ASUS,Windows,DDR4,8,AMD,Others,1,15.6,SSD,512,56990.0
HP,Windows,DDR4,16,AMD,AMD,1,14.0,SSD,512,81990.0
MSI,Windows,DDR4,16,Intel,Others,2,15.6,SSD,1024,129990.0
Lenovo,Windows,DDR4,8,AMD,AMD,2,15.6,SSD,512,35590.0
ASUS,Windows,DDR4,16,AMD,Others,1,15.6,SSD,1024,150990.0
DELL,Windows,DDR4,8,AMD,Others,1,15.6,HDD,1024,38990.0
HP,Windows,DDR4,16,AMD,Others,1,15.6,HDD,1024,79990.0
Lenovo,Windows,DDR4,8,Intel,Others,2,14.0,SSD,256,36990.0
Lenovo,Windows,DDR4,8,Intel,Others,2,15.6,SSD,512,39990.0
APPLE,Mac,Others,8,Others,Others,1,15.6,SSD,512,139990.0
ASUS,Windows,DDR5,16,Intel,Others,1,15.6,SSD,1024,109990.0
ASUS,Windows,DDR5,16,AMD,Others,1,15.6,SSD,1024,154990.0
Lenovo,Windows,DDR4,16,Intel,Others,1,15.6,SSD,512,62990.0
ASUS,Windows,DDR5,16,AMD,Others,1,15.6,SSD,1024,194990.0
Lenovo,Windows,DDR4,8,AMD,AMD,2,15.6,SSD,512,44990.0
ASUS,Windows,DDR4,8,Intel,Others,1,14.0,SSD,512,47990.0
DELL,Windows,DDR4,8,AMD,AMD,1,15.6,SSD,512,43667.0
ASUS,Windows,DDR5,16,AMD,Others,1,15.6,SSD,1024,135990.0
Lenovo,Windows,DDR4,8,Intel,Others,2,14.0,SSD,256,36990.0
ASUS,Windows,DDR5,16,AMD,AMD,1,15.6,SSD,512,98990.0
Infinix,Windows,Others,16,Intel,Others,1,15.6,SSD,512,46990.0
ASUS,Windows,DDR4,8,Intel,Others,1,15.6,SSD,256,35990.0
Lenovo,Windows,DDR4,8,Intel,Others,2,15.6,SSD,512,39990.0
ASUS,Windows,DDR5,16,Intel,Others,1,15.6,SSD,1024,109990.0
APPLE,Mac,Others,8,Others,Others,1,15.6,SSD,512,139990.0
DELL,Windows,DDR4,8,Intel,Others,1,15.6,SSD,512,74770.0
RedmiBook,Windows,DDR4,8,Intel,Others,1,15.6,SSD,512,39990.0
HP,Windows,DDR4,8,AMD,AMD,1,15.6,SSD,512,40799.0
ASUS,Windows,DDR4,16,Intel,Others,1,15.6,SSD,512,69490.0
ASUS,Windows,DDR4,8,Intel,Others,1,14.0,SSD,512,39990.0
Lenovo,Windows,DDR4,8,AMD,AMD,2,15.6,SSD,512,38705.0
ASUS,Windows,Others,16,AMD,AMD,1,15.6,SSD,512,99990.0
APPLE,Mac,Others,16,Others,Others,1,15.6,SSD,1024,241990.0
acer,Windows,DDR4,8,Intel,Others,1,15.6,SSD,512,40990.0
ASUS,Windows,DDR5,16,AMD,Others,1,15.6,SSD,1024,196990.0
HP,Windows,DDR4,8,Intel,Others,1,15.6,SSD,512,60390.0
HP,Windows,DDR4,8,Intel,Others,1,15.6,HDD,1024,69990.0
ASUS,Windows,DDR4,8,Intel,Others,1,15.6,SSD,256,44990.0
ASUS,Windows,DDR4,16,AMD,Others,1,15.6,SSD,1024,85990.0
ASUS,Windows,DDR4,8,Intel,Others,1,15.6,SSD,256,44990.0
HP,Windows,DDR4,8,Intel,Others,1,15.6,SSD,512,60390.0
ASUS,Windows,DDR4,16,Intel,Others,1,15.6,SSD,512,69490.0
HP,Windows,DDR4,8,AMD,AMD,1,15.6,SSD,512,40799.0
Lenovo,Windows,DDR4,8,Intel,Others,2,15.6,SSD,512,39990.0
RedmiBook,Windows,DDR4,8,Intel,Others,1,15.6,SSD,512,39990.0
HP,Windows,DDR4,16,AMD,AMD,1,15.6,SSD,512,55990.0
Lenovo,Windows,Others,16,Intel,Others,1,15.6,SSD,512,74990.0
ASUS,Windows,DDR5,16,AMD,Others,1,15.6,SSD,1024,196990.0
Lenovo,Windows,DDR4,8,AMD,AMD,2,15.6,SSD,512,38705.0
HP,Windows,DDR4,8,Intel,Others,1,15.6,HDD,1024,69990.0
ASUS,Windows,DDR4,8,Intel,Others,1,15.6,SSD,256,44990.0
ASUS,Windows,DDR4,8,Intel,Others,1,15.6,SSD,1024,59990.0
APPLE,Mac,Others,16,Others,Others,1,15.6,SSD,512,222990.0
ASUS,Windows,DDR4,16,AMD,Others,1,15.6,SSD,1024,85990.0
Lenovo,Windows,DDR4,8,AMD,AMD,2,15.6,SSD,512,35590.0
DELL,Windows,DDR4,8,Intel,Others,1,15.6,SSD,512,74770.0
ASUS,Windows,DDR5,16,Intel,Others,1,15.6,SSD,1024,109990.0
ASUS,Windows,DDR4,16,AMD,Others,1,15.6,SSD,1024,150990.0
Lenovo,Windows,DDR4,8,Intel,Others,2,14.0,SSD,256,36990.0
acer,Windows,DDR4,8,AMD,AMD,1,15.6,SSD,512,62990.0
acer,Windows,DDR4,8,Intel,Others,1,15.6,SSD,512,40990.0
MSI,Windows,DDR4,8,Intel,Others,2,15.6,SSD,512,58499.0
Lenovo,Windows,DDR4,8,Intel,Others,1,15.6,HDD,1024,65990.0
Lenovo,Windows,DDR4,8,Intel,Others,2,14.0,SSD,256,36990.0
RedmiBook,Windows,DDR4,8,Intel,Others,1,15.6,SSD,512,39990.0
DELL,Windows,DDR5,16,Intel,Others,1,15.6,SSD,512,111990.0
Lenovo,Windows,DDR4,16,Intel,Others,1,15.6,SSD,512,68490.0
ASUS,Windows,DDR5,16,AMD,Others,1,15.6,SSD,1024,196990.0
Lenovo,Windows,DDR4,8,AMD,AMD,2,15.6,SSD,512,38705.0
Infinix,Windows,Others,16,Intel,Others,1,15.6,SSD,512,46990.0
ASUS,Windows,DDR4,8,Intel,Others,2,14.0,HDD,1024,83990.0
acer,Windows,DDR4,8,Intel,Others,1,15.6,SSD,512,54990.0
ASUS,Others,Others,4,Intel,Others,1,14.0,SSD,128,14990.0
ASUS,Windows,DDR4,16,AMD,Others,1,15.6,SSD,1024,85990.0
Lenovo,Windows,DDR4,8,AMD,AMD,2,15.6,SSD,512,35590.0
APPLE,Mac,DDR4,8,Others,Others,1,14.0,SSD,1024,149990.0
DELL,Windows,DDR4,8,Intel,NVIDIA,1,15.6,SSD,512,63090.0
ASUS,Windows,DDR4,16,AMD,Others,1,15.6,SSD,1024,150990.0
Lenovo,Windows,DDR4,8,Intel,Others,2,15.6,SSD,512,39990.0
MSI,Windows,DDR5,16,Intel,Others,2,15.6,SSD,1024,200000.0
Lenovo,Windows,DDR4,8,Intel,Others,1,15.6,SSD,256,37390.0
ASUS,Windows,Others,8,Intel,Others,1,14.0,SSD,512,63990.0
DELL,Windows,DDR4,4,Intel,Others,1,15.6,SSD,512,43090.0
ASUS,Windows,DDR5,16,AMD,Others,1,15.6,SSD,1024,194990.0
Lenovo,Windows,DDR4,8,AMD,AMD,2,15.6,SSD,512,44990.0
Lenovo,Windows,DDR4,4,Intel,Others,1,15.6,SSD,256,44700.0
HP,Windows,DDR4,8,Intel,Others,1,14.0,SSD,256,41150.0
Lenovo,Windows,DDR4,8,Intel,Others,2,14.0,SSD,256,36990.0
Lenovo,Windows,DDR4,8,Intel,Others,2,15.6,SSD,512,39990.0
ASUS,Windows,DDR4,8,AMD,AMD,1,15.6,SSD,256,33990.0
MSI,Windows,DDR5,16,Intel,Others,2,15.6,SSD,1024,190890.0
ASUS,Windows,Others,16,Intel,Others,1,15.6,SSD,1024,174990.0
HP,Windows,DDR4,16,AMD,Others,1,15.6,SSD,1024,118990.0
RedmiBook,Windows,DDR4,8,Intel,Others,1,15.6,SSD,512,39990.0
ASUS,Windows,DDR5,16,AMD,Others,1,15.6,SSD,1024,196990.0
ASUS,Windows,DDR4,16,Intel,Others,1,15.6,SSD,512,63980.0
acer,Windows,DDR4,8,AMD,AMD,1,15.6,SSD,512,54300.0
Lenovo,Windows,DDR4,8,AMD,AMD,2,15.6,SSD,512,38705.0
ASUS,Windows,DDR4,16,AMD,Others,1,15.6,SSD,1024,85990.0
DELL,Windows,DDR4,8,AMD,AMD,1,15.6,SSD,256,36400.0
ASUS,Windows,DDR4,4,Intel,Others,1,15.6,SSD,256,28590.0
DELL,Windows,DDR4,16,AMD,AMD,1,15.6,SSD,512,69999.0
ASUS,Windows,DDR5,32,Intel,Others,1,15.6,SSD,1024,301990.0
Lenovo,Windows,DDR4,8,AMD,AMD,2,15.6,SSD,512,35590.0
ASUS,Windows,DDR4,16,AMD,Others,1,15.6,SSD,1024,150990.0
Lenovo,Windows,DDR4,8,Intel,Others,2,15.6,SSD,256,37000.0
Lenovo,Windows,DDR4,16,Intel,Others,1,14.0,SSD,512,64990.0
Lenovo,Windows,DDR4,8,AMD,AMD,1,15.6,SSD,512,73490.0
ASUS,Windows,DDR5,16,AMD,Others,1,15.6,SSD,1024,194990.0
DELL,Windows,DDR4,8,Intel,Others,1,15.6,SSD,256,42690.0
ASUS,Windows,DDR5,16,AMD,Others,1,15.6,SSD,1024,140990.0
Lenovo,Windows,DDR4,4,Intel,Others,1,15.6,SSD,256,38990.0
HP,Windows,Others,16,Intel,Others,1,14.0,SSD,512,128990.0
acer,Windows,DDR4,8,Intel,Others,1,15.6,SSD,512,54999.0
Lenovo,Windows,DDR4,8,Intel,Others,2,14.0,SSD,256,36990.0
acer,Windows,DDR4,8,Intel,Others,1,15.6,HDD,1024,60130.0
acer,Windows,DDR4,8,Intel,Intel,1,14.0,SSD,256,29490.0
DELL,Windows,DDR4,8,Intel,Others,1,15.6,SSD,512,72490.0
Lenovo,Windows,DDR4,8,Intel,Others,2,15.6,SSD,512,39990.0
Others,Windows,DDR4,16,Intel,Others,2,15.6,SSD,512,73990.0
acer,Windows,DDR4,8,Intel,Others,1,15.6,HDD,1024,47130.0
Lenovo,Windows,DDR4,8,AMD,AMD,1,14.0,SSD,512,55600.0
RedmiBook,Windows,DDR4,8,Intel,Others,1,15.6,SSD,512,39990.0
DELL,Windows,DDR4,8,AMD,AMD,1,14.0,SSD,512,49690.0
ASUS,Windows,DDR5,32,Intel,Others,1,15.6,SSD,1024,239990.0
MSI,Windows,DDR4,16,Intel,Others,2,15.6,SSD,512,73990.0
Lenovo,Windows,DDR4,8,AMD,AMD,2,15.6,SSD,512,38705.0
HP,Windows,DDR4,8,AMD,AMD,1,15.6,SSD,512,52490.0
HP,Windows,DDR4,8,Intel,Others,1,15.6,SSD,512,41990.0
ASUS,Windows,DDR4,8,Intel,Intel,1,14.0,SSD,256,29990.0
ASUS,Windows,DDR5,16,AMD,Others,1,15.6,SSD,1024,196990.0
Others,Windows,DDR4,8,Intel,Others,1,14.0,SSD,512,50490.0
acer,Windows,DDR4,16,Intel,Others,1,15.6,HDD,1024,96490.0
Infinix,Windows,Others,16,Intel,Others,1,15.6,SSD,512,37990.0
ASUS,Windows,DDR4,16,AMD,Others,1,15.6,SSD,1024,85990.0
MSI,Windows,Others,16,Intel,Others,1,14.0,SSD,512,74990.0
ASUS,Windows,DDR4,8,Intel,Others,1,15.6,SSD,512,51990.0
Lenovo,Windows,DDR4,8,Intel,Others,2,14.0,SSD,256,36990.0
Lenovo,Windows,DDR4,8,Intel,Others,2,15.6,SSD,512,39990.0
ASUS,Windows,DDR4,8,AMD,Others,1,15.6,HDD,1024,71345.0
ASUS,Windows,DDR4,16,Intel,Others,1,15.6,SSD,1024,101490.0
MSI,Windows,DDR5,32,Intel,Others,2,15.6,SSD,1024,274990.0
ASUS,Windows,DDR5,16,AMD,Others,1,15.6,SSD,1024,199990.0
RedmiBook,Windows,DDR4,8,Intel,Others,1,15.6,SSD,512,39990.0
ASUS,Windows,DDR5,16,AMD,Others,1,15.6,SSD,1024,196990.0
DELL,Windows,DDR4,8,Intel,Others,1,15.6,SSD,256,41090.0
Lenovo,Windows,DDR4,8,Intel,Others,2,15.6,SSD,256,50499.0
Lenovo,Windows,DDR4,8,AMD,AMD,2,15.6,SSD,512,38705.0
ASUS,Windows,DDR4,16,AMD,Others,1,15.6,SSD,1024,85990.0
HP,Windows,DDR4,8,AMD,AMD,1,15.6,SSD,512,78950.0
Lenovo,Windows,Others,16,AMD,AMD,1,14.0,SSD,512,67990.0
ASUS,Windows,DDR4,16,AMD,Others,1,15.6,SSD,1024,187990.0
Lenovo,Windows,DDR4,16,Intel,Others,2,14.0,SSD,1024,102990.0
Lenovo,Windows,DDR4,8,AMD,AMD,2,15.6,SSD,512,35590.0
ASUS,Windows,DDR4,16,AMD,Others,1,15.6,SSD,1024,150990.0
ASUS,Others,DDR4,4,Intel,Others,1,15.6,SSD,256,35990.0
HP,Windows,DDR4,8,AMD,AMD,1,15.6,SSD,512,52575.0
Lenovo,Windows,DDR4,8,AMD,AMD,1,15.6,SSD,512,73490.0
ASUS,Windows,DDR5,16,AMD,Others,1,15.6,SSD,1024,194990.0
DELL,Windows,DDR4,8,AMD,AMD,1,15.6,SSD,512,50990.0
Lenovo,Windows,DDR4,16,Intel,Others,1,15.6,SSD,512,60125.0
Lenovo,Windows,DDR4,4,Intel,Others,1,14.0,SSD,256,26490.0
HP,Windows,DDR4,8,AMD,AMD,1,15.6,SSD,512,80249.0
Lenovo,Windows,DDR4,8,Intel,Others,2,14.0,SSD,256,36990.0
Lenovo,Windows,DDR4,8,Intel,Others,2,15.6,SSD,512,39990.0
acer,Windows,DDR4,32,Intel,NVIDIA,1,15.6,HDD,1024,129999.0
ASUS,Windows,DDR4,8,AMD,Others,1,14.0,SSD,1024,76990.0
RedmiBook,Windows,DDR4,8,Intel,Others,1,15.6,SSD,512,39990.0
ASUS,Windows,DDR5,16,AMD,Others,1,15.6,SSD,1024,196990.0
ASUS,Windows,DDR4,8,Intel,Others,1,15.6,SSD,512,36990.0
MSI,Windows,DDR4,16,Intel,Others,2,15.6,SSD,512,107790.0
DELL,Windows,DDR4,16,Intel,Others,1,14.0,SSD,512,75990.0
ASUS,Windows,Others,16,Intel,Others,1,14.0,SSD,512,95990.0
Lenovo,Windows,DDR4,8,AMD,AMD,2,15.6,SSD,512,38705.0
ASUS,Windows,DDR4,16,AMD,Others,1,15.6,SSD,1024,85990.0
acer,Windows,DDR4,8,Intel,Others,1,15.6,SSD,512,61999.0
HP,Windows,DDR4,8,Intel,Intel,1,14.0,SSD,256,28990.0
Lenovo,Windows,DDR4,8,AMD,AMD,2,15.6,SSD,512,35590.0
ASUS,Windows,DDR4,16,AMD,Others,1,15.6,SSD,1024,150990.0
Lenovo,Windows,DDR4,8,Intel,Others,1,15.6,SSD,512,54990.0
ASUS,Windows,DDR4,16,Intel,Others,1,15.6,SSD,512,56990.0
ASUS,Windows,DDR4,8,Intel,Others,1,14.0,SSD,256,45990.0
ASUS,Windows,DDR4,8,Intel,Others,1,14.0,SSD,512,38216.0
Lenovo,Windows,DDR4,8,Intel,Others,2,14.0,SSD,256,36990.0
Lenovo,Windows,DDR4,8,Intel,Others,2,15.6,SSD,512,39990.0
MSI,Windows,DDR4,8,Intel,Others,2,15.6,SSD,512,79990.0
DELL,Windows,DDR4,4,Intel,Others,1,15.6,HDD,1024,43990.0
RedmiBook,Windows,DDR4,8,Intel,Others,1,15.6,SSD,512,39990.0
ASUS,Windows,DDR5,16,AMD,Others,1,15.6,SSD,1024,196990.0
HP,Windows,DDR4,16,AMD,Others,1,15.6,SSD,1024,108250.0
ASUS,Windows,DDR4,4,Intel,Others,1,15.6,HDD,1024,28990.0
MSI,Windows,DDR5,32,Intel,Others,2,15.6,SSD,1024,389990.0
DELL,Windows,DDR4,16,Intel,Others,1,15.6,SSD,512,67224.0
Lenovo,Windows,DDR4,8,AMD,AMD,2,15.6,SSD,512,38705.0
ASUS,Windows,DDR4,16,AMD,Others,1,15.6,SSD,1024,85990.0
acer,Windows,DDR4,16,AMD,Others,1,15.6,HDD,1024,114990.0
ASUS,Windows,DDR4,4,Intel,Others,1,14.0,HDD,1024,61249.0
Lenovo,Windows,DDR4,8,AMD,AMD,2,15.6,SSD,512,35590.0
ASUS,Windows,DDR4,16,AMD,Others,1,15.6,SSD,1024,150990.0
HP,Windows,DDR4,16,Intel,Others,1,15.6,SSD,512,69990.0
Lenovo,Others,DDR4,8,AMD,AMD,1,14.0,SSD,512,69990.0
Lenovo,Windows,DDR4,16,Intel,Others,1,15.6,SSD,512,79990.0
Lenovo,Windows,DDR4,8,AMD,AMD,1,15.6,SSD,256,37990.0
Lenovo,Windows,DDR4,8,AMD,AMD,1,15.6,SSD,512,73490.0
ASUS,Windows,DDR5,16,AMD,Others,1,15.6,SSD,1024,194990.0
Infinix,Windows,Others,8,Intel,Others,1,15.6,SSD,512,36990.0
ASUS,Windows,DDR4,4,Intel,Intel,1,15.6,SSD,128,29980.0
Lenovo,Windows,DDR4,8,Intel,Others,2,14.0,SSD,256,36990.0
RedmiBook,Windows,DDR4,8,Intel,Others,1,15.6,SSD,512,39990.0
ASUS,Windows,Others,16,Intel,Others,1,14.0,SSD,512,95990.0
DELL,Windows,DDR4,8,AMD,AMD,1,15.6,SSD,512,41600.0
DELL,Windows,DDR4,16,Intel,Others,1,15.6,SSD,512,67224.0
ASUS,Windows,DDR4,8,Intel,Others,1,15.6,SSD,512,61986.0
ASUS,Windows,DDR5,16,AMD,Others,1,15.6,SSD,1024,196990.0
Lenovo,Windows,DDR4,8,AMD,AMD,2,15.6,SSD,512,38705.0
ASUS,Windows,DDR4,4,Intel,Others,1,14.0,HDD,1024,61249.0
HP,Windows,DDR4,8,AMD,AMD,1,15.6,SSD,256,38999.0
ASUS,Windows,DDR4,16,AMD,Others,1,15.6,SSD,1024,85990.0
Lenovo,Windows,DDR4,8,AMD,AMD,2,15.6,SSD,512,35590.0
Lenovo,Windows,DDR4,4,Intel,Others,1,15.6,SSD,256,31990.0
Lenovo,Windows,DDR4,8,AMD,AMD,1,15.6,SSD,256,37990.0
ASUS,Windows,DDR4,4,Intel,Intel,1,15.6,SSD,128,29980.0
ASUS,Windows,DDR4,8,Intel,Others,1,15.6,SSD,512,46990.0
ASUS,Windows,DDR4,16,AMD,Others,1,15.6,SSD,1024,150990.0
Lenovo,Windows,DDR4,8,AMD,AMD,1,15.6,SSD,512,73490.0
Infinix,Windows,Others,8,Intel,Others,1,14.0,SSD,512,37990.0
Infinix,Windows,Others,8,Intel,Others,1,15.6,SSD,512,36990.0
Lenovo,Windows,DDR4,8,Intel,Others,2,15.6,SSD,512,39990.0
ASUS,Windows,DDR5,16,AMD,Others,1,15.6,SSD,1024,194990.0
acer,Windows,DDR4,8,AMD,Others,1,15.6,HDD,1024,61490.0
HP,Windows,DDR4,16,AMD,Others,1,15.6,SSD,1024,109990.0
HP,Windows,DDR4,8,AMD,AMD,1,15.6,SSD,512,54990.0
Lenovo,Windows,DDR4,8,AMD,AMD,2,14.0,SSD,512,50990.0
Lenovo,Windows,DDR4,8,Intel,Others,2,14.0,SSD,256,36990.0
RedmiBook,Windows,DDR4,8,Intel,Others,1,15.6,SSD,512,39990.0
MSI,Windows,DDR4,8,Intel,Others,2,15.6,HDD,1024,62190.0
ASUS,Others,Others,4,Intel,Others,1,15.6,SSD,128,24390.0
ASUS,Windows,DDR5,16,AMD,Others,1,15.6,SSD,1024,196990.0
Lenovo,Windows,DDR4,8,AMD,AMD,2,15.6,SSD,512,38705.0
Lenovo,Windows,DDR4,8,Intel,Others,2,15.6,HDD,1024,36990.0
HP,Windows,DDR4,16,AMD,Others,1,15.6,SSD,1024,159990.0
ASUS,Windows,DDR4,4,Intel,Others,1,15.6,SSD,256,34490.0
ASUS,Windows,DDR4,16,AMD,Others,1,15.6,SSD,512,99990.0
ASUS,Windows,DDR4,16,AMD,Others,1,15.6,SSD,1024,85990.0
Lenovo,Windows,DDR4,8,AMD,AMD,2,15.6,SSD,512,35590.0
ASUS,Windows,Others,8,Intel,Others,1,15.6,SSD,512,79990.0
Infinix,Windows,Others,4,Intel,Intel,1,14.0,SSD,128,20990.0
ASUS,Windows,DDR4,16,AMD,Others,1,15.6,SSD,1024,150990.0
Lenovo,Windows,DDR4,8,Intel,Others,2,15.6,SSD,512,39990.0
HP,Windows,DDR4,8,Intel,Others,1,15.6,HDD,1024,41490.0
DELL,Windows,DDR5,16,AMD,Others,1,15.6,SSD,1024,206581.0
ASUS,Windows,DDR4,8,AMD,Others,1,15.6,SSD,512,59990.0
acer,Windows,DDR4,16,Intel,Others,1,15.6,SSD,512,62990.0
ASUS,Windows,DDR5,16,AMD,Others,1,15.6,SSD,1024,194990.0
Lenovo,Windows,DDR4,8,AMD,AMD,2,15.6,SSD,512,44990.0
ASUS,Windows,DDR5,16,AMD,Others,1,15.6,SSD,1024,194990.0
ASUS,Windows,DDR4,8,AMD,Others,1,15.6,HDD,1024,62990.0
RedmiBook,Windows,DDR4,8,Intel,Others,1,15.6,SSD,512,39990.0
ASUS,Windows,DDR5,16,AMD,Others,1,15.6,SSD,1024,196990.0
Lenovo,Windows,DDR4,8,AMD,AMD,1,15.6,SSD,512,61990.0
ASUS,Windows,DDR5,16,AMD,Others,1,15.6,SSD,1024,105990.0
acer,Windows,DDR5,16,Intel,Others,1,15.6,SSD,1024,155490.0
Others,Windows,Others,4,Intel,Intel,1,14.0,SSD,128,19990.0
Lenovo,Windows,DDR4,8,AMD,AMD,2,15.6,SSD,512,38705.0
ASUS,Windows,DDR4,16,AMD,Others,1,15.6,SSD,1024,85990.0
Lenovo,Windows,DDR4,4,Intel,Others,1,15.6,HDD,1024,33499.0
Infinix,Windows,Others,8,Intel,Others,1,15.6,SSD,512,42990.0
Lenovo,Windows,DDR4,8,AMD,AMD,2,15.6,SSD,512,35590.0
ASUS,Windows,DDR4,16,AMD,Others,1,15.6,SSD,1024,150990.0
HP,Windows,DDR4,8,Intel,Others,1,15.6,SSD,512,63990.0
acer,Windows,DDR4,16,Intel,Others,1,15.6,SSD,1024,124990.0
ASUS,Windows,DDR4,4,Intel,Others,1,15.6,SSD,128,21990.0
Lenovo,Windows,DDR4,4,Intel,Intel,1,14.0,SSD,256,30100.0
Lenovo,Windows,DDR4,8,Intel,Others,2,14.0,SSD,256,36990.0
Lenovo,Windows,DDR4,8,Intel,Others,2,15.6,SSD,512,39990.0
HP,Windows,DDR5,32,Intel,Others,1,15.6,SSD,1024,199990.0
acer,Windows,DDR4,8,Intel,Others,1,15.6,HDD,1024,61130.0
ASUS,Windows,DDR5,16,AMD,Others,1,15.6,SSD,1024,194990.0
Lenovo,Windows,DDR4,8,AMD,AMD,2,15.6,SSD,512,44990.0
Lenovo,Windows,DDR4,8,Intel,Others,1,15.6,HDD,1024,40990.0
ASUS,Windows,DDR4,8,Intel,Others,1,15.6,SSD,1024,75990.0
HP,Windows,DDR4,8,Intel,Others,1,15.6,SSD,512,46890.0
Lenovo,Windows,DDR4,8,Intel,Others,1,15.6,SSD,256,37390.0
Lenovo,Windows,DDR4,8,Intel,Others,2,14.0,SSD,256,36990.0
Lenovo,Windows,DDR4,8,Intel,Others,2,15.6,SSD,512,39990.0
Lenovo,Windows,DDR4,16,Intel,Others,1,15.6,SSD,512,68490.0
ASUS,Windows,DDR4,4,Intel,Others,1,15.6,SSD,128,19990.0
RedmiBook,Windows,DDR4,8,Intel,Others,1,15.6,SSD,512,39990.0
ASUS,Windows,DDR5,16,AMD,Others,1,15.6,SSD,1024,196990.0
ASUS,Windows,DDR4,16,Intel,Others,1,14.0,SSD,512,89990.0
DELL,Windows,DDR4,8,Intel,Others,1,15.6,SSD,512,59790.0
MSI,Windows,DDR4,16,Intel,Others,2,15.6,SSD,1024,125990.0
ASUS,Windows,DDR5,32,AMD,Others,1,15.6,SSD,1024,249990.0
Lenovo,Windows,DDR4,8,AMD,AMD,2,15.6,SSD,512,38705.0
ASUS,Windows,DDR4,16,AMD,Others,1,15.6,SSD,1024,85990.0
ASUS,Windows,DDR5,16,AMD,Others,1,15.6,SSD,1024,149990.0
DELL,Windows,DDR4,8,Intel,Intel,1,15.6,SSD,256,36990.0
Lenovo,Windows,DDR4,8,AMD,AMD,2,15.6,SSD,512,35590.0
ASUS,Windows,DDR4,16,AMD,Others,1,15.6,SSD,1024,150990.0
ASUS,Windows,DDR4,16,Intel,Others,1,15.6,SSD,512,85990.0
HP,Windows,DDR4,8,AMD,AMD,1,14.0,SSD,512,60990.0
DELL,Windows,DDR5,8,Intel,Others,1,15.6,SSD,512,87900.0
Lenovo,Windows,DDR4,4,AMD,Others,1,15.6,HDD,1024,27490.0
DELL,Windows,DDR4,8,Intel,Intel,1,15.6,SSD,256,36990.0
ASUS,Windows,DDR5,32,AMD,Others,1,15.6,SSD,1024,249990.0
ASUS,Windows,DDR5,16,AMD,Others,1,15.6,SSD,1024,149990.0
RedmiBook,Windows,DDR4,8,Intel,Others,1,15.6,SSD,512,39990.0
HP,Windows,DDR4,8,AMD,Others,1,14.0,HDD,1024,28999.0
DELL,Windows,DDR5,8,Intel,Others,1,15.6,SSD,512,87900.0
acer,Windows,DDR4,16,Intel,Others,1,15.6,HDD,1024,117990.0
Lenovo,Windows,DDR4,8,AMD,AMD,2,15.6,SSD,512,38705.0
ASUS,Windows,DDR4,16,Intel,Others,1,15.6,SSD,512,85990.0
DELL,Windows,DDR4,8,Intel,Others,1,15.6,HDD,1024,61497.0
HP,Windows,DDR4,8,AMD,AMD,1,15.6,SSD,512,70400.0
ASUS,Windows,DDR5,16,AMD,Others,1,15.6,SSD,1024,196990.0
Lenovo,Windows,DDR4,16,Intel,Others,2,15.6,SSD,512,69000.0
Lenovo,Windows,DDR4,8,AMD,AMD,1,15.6,SSD,512,64490.0
ASUS,Windows,DDR5,16,AMD,Others,1,15.6,SSD,1024,149990.0
ASUS,Windows,DDR4,16,AMD,Others,1,15.6,SSD,1024,85990.0
HP,Windows,DDR5,8,AMD,AMD,1,15.6,SSD,512,96579.0
DELL,Windows,DDR4,16,Intel,Others,1,15.6,SSD,512,101990.0
ASUS,Windows,DDR4,16,Intel,Others,1,14.0,SSD,512,89990.0
Lenovo,Windows,DDR4,8,AMD,AMD,2,15.6,SSD,512,35590.0
HP,Windows,DDR5,8,AMD,AMD,1,15.6,SSD,512,94990.0
MSI,Windows,DDR5,32,Intel,Others,2,15.6,SSD,1024,314990.0
DELL,Windows,DDR4,8,Intel,Others,2,15.6,HDD,1024,46900.0
ASUS,Windows,DDR4,16,AMD,Others,1,15.6,SSD,1024,150990.0
Lenovo,Windows,DDR4,8,Intel,Others,2,14.0,SSD,256,36990.0
Lenovo,Windows,DDR4,8,Intel,Others,2,15.6,SSD,512,39990.0
ASUS,Windows,DDR5,32,Intel,Others,1,15.6,SSD,1024,331990.0
DELL,Windows,DDR5,16,Intel,Others,1,15.6,SSD,1024,116490.0
HP,Windows,DDR4,8,AMD,Others,1,15.6,SSD,512,64590.0
DELL,Windows,DDR5,16,Intel,Others,1,15.6,SSD,1024,137990.0
RedmiBook,Windows,DDR4,8,Intel,Others,1,15.6,SSD,512,39990.0
ASUS,Windows,DDR5,16,AMD,Others,1,15.6,SSD,1024,196990.0
DELL,Windows,DDR4,8,Intel,Others,1,14.0,SSD,512,55690.0
Lenovo,Windows,DDR4,16,Intel,Others,1,15.6,SSD,512,109990.0
Lenovo,Windows,DDR4,8,AMD,AMD,2,15.6,SSD,512,38705.0
ASUS,Windows,DDR4,16,AMD,Others,1,15.6,SSD,1024,85990.0
ASUS,Windows,DDR4,8,Intel,Others,1,15.6,HDD,1024,79990.0
ASUS,Windows,DDR4,16,AMD,Others,1,15.6,SSD,1024,130500.0
ASUS,Windows,DDR5,32,AMD,Others,1,15.6,SSD,1024,361990.0
ASUS,Windows,DDR5,16,AMD,Others,1,15.6,SSD,1024,211990.0
Lenovo,Windows,DDR4,8,AMD,AMD,2,15.6,SSD,512,35590.0
ASUS,Windows,DDR4,16,AMD,Others,1,15.6,SSD,1024,150990.0
DELL,Windows,DDR4,4,Intel,Others,1,15.6,SSD,256,39890.0
MSI,Windows,DDR4,16,Intel,Others,2,15.6,SSD,1024,139990.0
Lenovo,Windows,DDR4,8,AMD,AMD,1,15.6,SSD,512,73490.0
ASUS,Windows,DDR5,16,AMD,Others,1,15.6,SSD,1024,194990.0
MSI,Windows,DDR4,16,Intel,Others,2,15.6,HDD,1024,99990.0
HP,Windows,DDR4,16,Intel,Others,1,14.0,SSD,512,66700.0
DELL,Windows,DDR4,8,Intel,Others,1,15.6,HDD,1024,68990.0
DELL,Windows,DDR4,32,Intel,Others,1,15.6,SSD,1024,434830.0
Lenovo,Windows,DDR4,8,Intel,Others,2,14.0,SSD,256,36990.0
Lenovo,Windows,DDR4,8,Intel,Others,2,15.6,SSD,512,39990.0
DELL,Windows,DDR4,32,Intel,NVIDIA,1,15.6,SSD,1024,345390.0
HP,Windows,DDR4,16,Intel,Others,1,15.6,SSD,512,105822.0
RedmiBook,Windows,DDR4,8,Intel,Others,1,15.6,SSD,512,39990.0
ASUS,Windows,DDR5,16,AMD,Others,1,15.6,SSD,1024,196990.0
Lenovo,Others,Others,4,Intel,Others,1,14.0,SSD,128,28490.0
Lenovo,Windows,DDR4,16,Intel,Others,1,15.6,SSD,512,66990.0
acer,Windows,DDR4,8,Intel,Others,1,15.6,SSD,512,86999.0
ASUS,Windows,DDR4,8,Intel,Others,1,15.6,SSD,256,36990.0
Lenovo,Windows,DDR4,8,AMD,AMD,2,15.6,SSD,512,38705.0
ASUS,Windows,DDR4,16,AMD,Others,1,15.6,SSD,1024,85990.0
Lenovo,Windows,DDR4,4,Intel,Intel,1,15.6,SSD,256,23250.0
DELL,Windows,DDR4,8,Intel,Others,1,14.0,SSD,256,42390.0
Lenovo,Windows,DDR4,8,AMD,AMD,2,15.6,SSD,512,35590.0
ASUS,Windows,DDR4,16,AMD,Others,1,15.6,SSD,1024,150990.0
Lenovo,Windows,DDR4,8,Intel,Others,1,14.0,SSD,512,58990.0
ASUS,Windows,DDR4,16,Intel,NVIDIA,1,15.6,SSD,1024,110990.0
acer,Windows,DDR4,32,Intel,NVIDIA,1,15.6,HDD,1024,74590.0
DELL,Windows,DDR4,8,AMD,NVIDIA,1,15.6,SSD,512,71990.0
ASUS,Windows,DDR5,16,AMD,Others,1,15.6,SSD,1024,194990.0
Lenovo,Windows,DDR4,8,AMD,AMD,2,15.6,SSD,512,44990.0
Lenovo,Windows,DDR4,16,Intel,Others,2,14.0,SSD,512,84990.0
ASUS,Windows,Others,16,AMD,Others,1,15.6,SSD,1024,119990.0
Lenovo,Windows,DDR4,8,Intel,Others,2,14.0,SSD,256,36990.0
Lenovo,Windows,DDR4,8,Intel,Others,2,15.6,SSD,512,39990.0
MSI,Windows,DDR4,32,Intel,Others,2,15.6,SSD,1024,214990.0
MSI,Windows,DDR4,8,Intel,Others,1,14.0,SSD,512,48790.0
DELL,Windows,DDR4,16,AMD,AMD,1,15.6,SSD,512,76000.0
ASUS,Windows,Others,32,AMD,Others,1,15.6,SSD,1024,224990.0
RedmiBook,Windows,DDR4,8,Intel,Others,1,15.6,SSD,512,39990.0
ASUS,Windows,DDR5,16,AMD,Others,1,15.6,SSD,1024,196990.0
Infinix,Windows,Others,8,Intel,Others,1,15.6,SSD,512,49990.0
ASUS,Windows,Others,16,Intel,Others,1,15.6,SSD,512,164990.0
Lenovo,Windows,DDR4,8,AMD,AMD,2,15.6,SSD,512,38705.0
ASUS,Windows,DDR4,16,AMD,Others,1,15.6,SSD,1024,85990.0
HP,Windows,DDR4,8,AMD,AMD,1,15.6,SSD,256,31490.0
DELL,Windows,DDR4,8,Intel,Others,1,15.6,SSD,512,48077.0
ASUS,Windows,DDR4,16,AMD,Others,1,15.6,SSD,1024,154990.0
ASUS,Windows,DDR4,32,Intel,Others,1,15.6,SSD,1024,224990.0
Lenovo,Windows,DDR4,8,AMD,AMD,2,15.6,SSD,512,35590.0
ASUS,Windows,DDR4,16,AMD,Others,1,15.6,SSD,1024,150990.0
ASUS,Windows,DDR4,8,Intel,Others,1,15.6,HDD,1024,44990.0
ASUS,Windows,DDR4,8,Intel,Others,1,15.6,SSD,512,65990.0
Lenovo,Windows,DDR4,8,AMD,AMD,1,15.6,SSD,512,73490.0
ASUS,Windows,DDR5,16,AMD,Others,1,15.6,SSD,1024,194990.0
ASUS,Windows,DDR4,8,Intel,Others,1,14.0,HDD,1024,31990.0
Lenovo,Windows,DDR4,8,Intel,Others,2,14.0,SSD,256,38980.0
HP,Windows,DDR4,8,AMD,AMD,1,15.6,SSD,512,68990.0
DELL,Windows,DDR4,8,Intel,Others,1,15.6,SSD,256,43090.0
Lenovo,Windows,DDR4,8,Intel,Others,2,15.6,SSD,512,39990.0
RedmiBook,Windows,DDR4,8,Intel,Others,1,15.6,SSD,512,39990.0
ASUS,Windows,DDR4,16,AMD,Others,1,15.6,SSD,1024,154990.0
ASUS,Windows,DDR4,8,Intel,Others,1,15.6,SSD,512,65990.0
ASUS,Windows,DDR5,16,AMD,Others,1,15.6,SSD,1024,196990.0
Lenovo,Windows,DDR4,8,AMD,AMD,2,15.6,SSD,512,38705.0
DELL,Windows,DDR4,8,Intel,Others,1,15.6,SSD,512,49348.0
DELL,Windows,DDR5,16,Intel,Others,1,15.6,SSD,512,221774.0
Lenovo,Windows,DDR4,8,AMD,AMD,1,15.6,SSD,512,73990.0
DELL,Windows,DDR4,16,AMD,AMD,1,15.6,SSD,512,77990.0
ASUS,Windows,DDR4,16,AMD,Others,1,15.6,SSD,1024,85990.0
Lenovo,Windows,DDR4,8,AMD,AMD,2,15.6,SSD,512,35590.0
DELL,Windows,DDR4,16,Intel,NVIDIA,1,15.6,SSD,1024,214790.0
DELL,Windows,DDR4,16,Intel,NVIDIA,1,15.6,SSD,512,199990.0
ASUS,Windows,DDR4,16,AMD,Others,1,15.6,SSD,1024,150990.0
Lenovo,Windows,DDR4,8,Intel,Others,2,14.0,SSD,256,36990.0
DELL,Windows,DDR4,8,Intel,Others,1,15.6,SSD,512,48077.0
DELL,Windows,DDR4,8,AMD,AMD,1,15.6,SSD,512,52414.0
ASUS,Windows,DDR5,16,Intel,Others,1,15.6,SSD,1024,179990.0
ASUS,Others,Others,4,Intel,Others,1,14.0,SSD,128,25990.0
Lenovo,Windows,DDR4,8,Intel,Others,2,14.0,SSD,256,36990.0
Lenovo,Windows,DDR4,8,Intel,Others,2,15.6,SSD,512,39990.0
DELL,Windows,DDR4,16,Intel,Others,1,14.0,SSD,512,80615.0
ASUS,Windows,DDR5,16,AMD,Others,1,15.6,SSD,1024,155990.0
RedmiBook,Windows,DDR4,8,Intel,Others,1,15.6,SSD,512,39990.0
ASUS,Windows,DDR5,16,AMD,Others,1,15.6,SSD,1024,196990.0
Infinix,Windows,Others,16,Intel,Others,1,15.6,SSD,512,49990.0
Lenovo,Windows,DDR4,16,Intel,Others,2,15.6,SSD,1024,157990.0
ASUS,Windows,DDR5,16,Intel,Others,1,15.6,SSD,512,92990.0
ASUS,Windows,DDR5,16,AMD,Others,1,15.6,SSD,1024,171990.0
Lenovo,Windows,DDR4,8,AMD,AMD,2,15.6,SSD,512,38705.0
ASUS,Windows,DDR4,16,AMD,Others,1,15.6,SSD,1024,85990.0
ASUS,Windows,DDR4,8,Intel,Others,1,15.6,HDD,1024,44990.0
ASUS,Windows,Others,16,AMD,Others,1,15.6,SSD,1024,151990.0
Lenovo,Windows,DDR4,8,AMD,AMD,2,15.6,SSD,512,35590.0
ASUS,Windows,DDR4,16,AMD,Others,1,15.6,SSD,1024,150990.0
ASUS,Windows,Others,16,Intel,Others,2,14.0,SSD,1024,233990.0
DELL,Windows,DDR5,16,Intel,Others,1,15.6,SSD,512,76590.0
HP,Windows,DDR4,16,AMD,AMD,1,15.6,SSD,512,90000.0
ASUS,Others,Others,4,Intel,Others,1,14.0,SSD,128,23490.0
Lenovo,Windows,DDR4,8,AMD,AMD,1,15.6,SSD,512,73490.0
ASUS,Windows,DDR5,16,AMD,Others,1,15.6,SSD,1024,194990.0
ASUS,Windows,Others,16,Intel,Others,1,14.0,SSD,512,125990.0
Lenovo,Windows,DDR4,8,Intel,Others,1,15.6,HDD,1024,50990.0
